{"schemaVersion":"1.0","appDefinitionTemplate":{"id":"/providers/Microsoft.PowerApps/apps/","type":"Microsoft.PowerApps/apps","tags":{"primaryDeviceWidth":"640","primaryDeviceHeight":"1136","sienaVersion":"20250523T151116Z-3.25051.13.0","deviceCapabilities":"","supportsPortrait":"true","supportsLandscape":"true","primaryFormFactor":"Phone","publisherVersion":"3.25051.13","minimumRequiredApiVersion":"2.2.0","hasComponent":"true","hasUnlockedComponent":"true","optimizedForTeamsMeeting":"false","isUnifiedRootApp":"false","showStatusBar":"false","coauthoringEnabled":"true","multipleWritersEnabled":"true","acceptedCoauthoringTerms":"true"},"properties":{"appVersion":"2025-05-23T15:11:16Z","lifeCycleId":"Published","createdByClientVersion":{"major":3,"minor":25051,"build":13,"revision":0,"majorRevision":0,"minorRevision":0},"minClientVersion":{"major":3,"minor":25051,"build":13,"revision":0,"majorRevision":0,"minorRevision":0},"backgroundColor":"RGBA(54,176,75,1)","backgroundImageUri":"/9053063269966463997/N94bfc82b-60d9-4afc-8241-f77dbfb05ef1-logoSmallFile","displayName":"assignment2 (1)","description":"","commitMessage":"Saved by Test Studio","appUris":{"documentUri":{"value":"/9053063269966463997/Nc53304cd-8925-46f7-b22a-237d1956d8e0-document.msapp"},"imageUris":[],"additionalUris":[{"isSolutionAware":false,"value":"/9053063269966463997/Nf6047bf6-29d4-47be-bc99-552ba95ea4e3-identity.json"}]},"createdTime":"0001-01-01T00:00:00Z","lastModifiedTime":"0001-01-01T00:00:00Z","sharedGroupsCount":0,"sharedUsersCount":0,"connectionReferences":{"db2b16fb-9012-46a4-912b-a46bed40bf85":{"id":"fa0684e3-811d-4ed8-a2be-c9aaa682a18b","displayName":"SharePoint","iconUri":"https://conn-afd-prod-endpoint-bmc9bqahasf3grgk.b01.azurefd.net/releases/v1.0.1746/1.0.1746.4174/sharepointonline/icon.png","dataSources":["User_Info","Documents","BlogPosts","BlogImages","Chat Log","friendsPFP","Cart_1","PostingBlogs","Events_1","All Chats","Chat Messages"],"dependencies":[],"dependents":[],"parameterHints":{},"parameterHintsV2":{},"isOnPremiseConnection":false,"bypassConsent":false,"dataSets":{"https://unisydneyedu.sharepoint.com/sites/ELEC1005946":{"dataSources":{"User_Info":{"tableName":"603e6c62-3a51-4022-bc3d-f35eb55a3291"},"Documents":{"tableName":"cdfde29d-d99a-436e-9496-fd2d70bc735b"},"BlogPosts":{"tableName":"16e87404-c8d5-4080-8a18-fee7a8f9a9aa"},"BlogImages":{"tableName":"4fbf0e2f-99dd-4971-accc-e043538a30ea"},"Chat Log":{"tableName":"0c41ddbe-8ce8-4974-a47a-757b9593eced"},"friendsPFP":{"tableName":"049b714d-cab6-4474-93df-73cb1c77f43a"},"Cart_1":{"tableName":"1cc8104d-6353-4f05-a888-551fc641183f"},"PostingBlogs":{"tableName":"bf48c185-ff05-43a1-9b23-eab30e694a0b"},"Events_1":{"tableName":"947a075c-98b6-4a88-864e-413c9a739b03"},"All Chats":{"tableName":"38b2c658-1884-4ba9-9f47-8d9457dd81e7"},"Chat Messages":{"tableName":"0c41ddbe-8ce8-4974-a47a-757b9593eced"}}}},"apiTier":"Standard","isCustomApiConnection":false,"actions":["providers/PowerPlatform.Governance/Operations/Read","providers/PowerPlatform.Governance/Operations/Write"],"endpoints":[]},"1983562d-4630-405d-b4e0-6735487aef88":{"id":"5e389c48-f825-4d23-8595-69a8e3d974c5","displayName":"gptapi","iconUri":"https://defaulticons.powerapps.com/defaulticons/api-dedicated.png","dataSources":["GPTConnector"],"dependencies":[],"dependents":[],"parameterHints":{},"parameterHintsV2":{},"isOnPremiseConnection":false,"bypassConsent":false,"dataSets":{},"apiTier":"Standard","isCustomApiConnection":true,"actions":["ChatAPI"],"endpoints":[]}},"databaseReferences":{},"almMode":"Environment","performanceOptimizationEnabled":true,"canConsumeAppPass":true,"enableModernRuntimeMode":false,"executionRestrictions":{"isTeamsOnly":false,"dataLossPreventionEvaluationResult":{"status":"Compliant","lastEvaluationDate":"2025-05-05T23:39:20.2548116Z","violations":[],"violationsByPolicy":[],"violationErrorMessage":"The app uses the following connectors: ."}}},"isAppComponentLibrary":false,"appType":"ClassicCanvasApp","appComponents":[]}}