{"schemaVersion":"1.0","appDefinitionTemplate":{"id":"/providers/Microsoft.PowerApps/apps/","type":"Microsoft.PowerApps/apps","tags":{"primaryDeviceWidth":"402","primaryDeviceHeight":"874","sienaVersion":"20250524T132610Z-3.25051.13.0","deviceCapabilities":"","supportsPortrait":"true","supportsLandscape":"true","primaryFormFactor":"Phone","publisherVersion":"3.25051.13","minimumRequiredApiVersion":"2.2.0","hasComponent":"true","hasUnlockedComponent":"true","optimizedForTeamsMeeting":"false","isUnifiedRootApp":"false","showStatusBar":"false","coauthoringEnabled":"true","multipleWritersEnabled":"true","acceptedCoauthoringTerms":"true"},"properties":{"appVersion":"2025-05-24T13:26:10Z","lifeCycleId":"Published","createdByClientVersion":{"major":3,"minor":25051,"build":13,"revision":0,"majorRevision":0,"minorRevision":0},"minClientVersion":{"major":3,"minor":25051,"build":13,"revision":0,"majorRevision":0,"minorRevision":0},"backgroundColor":"RGBA(54,176,75,1)","backgroundImageUri":"/9053063269966463997/N31ad5080-7c73-4216-9a35-14d1bf10d4da-logoSmallFile","displayName":"assignment2 (1)","description":"messaging works, new login page, separate chat","commitMessage":"","appUris":{"documentUri":{"value":"/9053063269966463997/N6ae4cb73-6c4e-43f2-ac28-4c4ced21999e-document.msapp"},"imageUris":[],"additionalUris":[{"isSolutionAware":false,"value":"/9053063269966463997/N87e0d019-5c53-4fec-88f6-cafc64716a20-identity.json"}]},"createdTime":"0001-01-01T00:00:00Z","lastModifiedTime":"0001-01-01T00:00:00Z","sharedGroupsCount":0,"sharedUsersCount":0,"connectionReferences":{"db2b16fb-9012-46a4-912b-a46bed40bf85":{"id":"fa0684e3-811d-4ed8-a2be-c9aaa682a18b","displayName":"SharePoint","iconUri":"https://conn-afd-prod-endpoint-bmc9bqahasf3grgk.b01.azurefd.net/releases/v1.0.1746/1.0.1746.4174/sharepointonline/icon.png","dataSources":["Documents","Chat Log","friendsPFP","All Chats","Cart_1","Events_1","PostingBlogs","images","Chat Messages","User_Info","Bookmark2"],"dependencies":[],"dependents":[],"parameterHints":{},"parameterHintsV2":{},"isOnPremiseConnection":false,"bypassConsent":false,"dataSets":{"https://unisydneyedu.sharepoint.com/sites/ELEC1005946":{"dataSources":{"Documents":{"tableName":"cdfde29d-d99a-436e-9496-fd2d70bc735b"},"Chat Log":{"tableName":"0c41ddbe-8ce8-4974-a47a-757b9593eced"},"friendsPFP":{"tableName":"049b714d-cab6-4474-93df-73cb1c77f43a"},"All Chats":{"tableName":"38b2c658-1884-4ba9-9f47-8d9457dd81e7"},"Cart_1":{"tableName":"1cc8104d-6353-4f05-a888-551fc641183f"},"Events_1":{"tableName":"947a075c-98b6-4a88-864e-413c9a739b03"},"PostingBlogs":{"tableName":"bf48c185-ff05-43a1-9b23-eab30e694a0b"},"images":{"tableName":"049b714d-cab6-4474-93df-73cb1c77f43a"},"Chat Messages":{"tableName":"0c41ddbe-8ce8-4974-a47a-757b9593eced"},"User_Info":{"tableName":"603e6c62-3a51-4022-bc3d-f35eb55a3291"},"Bookmark2":{"tableName":"a058e45e-277e-42f6-86ed-5ef5a26b68cf"}}}},"apiTier":"Standard","isCustomApiConnection":false,"actions":["providers/PowerPlatform.Governance/Operations/Read","providers/PowerPlatform.Governance/Operations/Write"],"endpoints":[]},"1983562d-4630-405d-b4e0-6735487aef88":{"id":"5e389c48-f825-4d23-8595-69a8e3d974c5","displayName":"gptapi","iconUri":"https://defaulticons.powerapps.com/defaulticons/api-dedicated.png","dataSources":["GPTConnector"],"dependencies":[],"dependents":[],"parameterHints":{},"parameterHintsV2":{},"isOnPremiseConnection":false,"bypassConsent":false,"dataSets":{},"apiTier":"Standard","isCustomApiConnection":true,"actions":["ChatAPI"]}},"databaseReferences":{},"almMode":"Environment","performanceOptimizationEnabled":true,"canConsumeAppPass":true,"enableModernRuntimeMode":false,"executionRestrictions":{"isTeamsOnly":false,"dataLossPreventionEvaluationResult":{"status":"Compliant","lastEvaluationDate":"2025-05-05T23:39:20.2548116Z","violations":[],"violationsByPolicy":[],"violationErrorMessage":"The app uses the following connectors: ."}}},"isAppComponentLibrary":false,"appType":"ClassicCanvasApp","appComponents":[]}}